{
  "/test": {
    "haha": 0
  },
  "/user": {
    "data1": [
      46.10745355147383,
      9.707893345862683
    ],
    "data2": [
      {
        "status": "fail",
        "balance": 45.783312077465595,
        "testAccount": true,
        "testGeneric": 75.17069830877973
      },
      {
        "status": "ok",
        "balance": 99.70653666017076,
        "testGeneric": 19.835820811402137
      }
    ]
  }
}